imagen,brightness,detectado,EAR
a0068.png,40,1,0.180297
a0205.png,40,1,0.197347
a0208.png,40,1,0.175154
a0230.png,40,1,0.189272
a0245.png,40,1,0.164361
a0277.png,40,1,0.180696
a0279.png,40,1,0.183494
a0371.png,40,1,0.174118
a0372.png,40,1,0.197919
a0374.png,40,1,0.188556
a0379.png,40,1,0.186401
a0386.png,40,1,0.165649
a0418.png,40,1,0.161655
a0487.png,40,1,0.174922
a0533.png,40,1,0.176494
a0579.png,40,1,0.217191
a0705.png,40,1,0.179839
a0857.png,40,1,0.169331
a0881.png,40,1,0.158515
a0947.png,40,1,0.177052
a0958.png,40,1,0.149626
a1009.png,40,1,0.210781
a1021.png,40,1,0.208951
a1035.png,40,1,0.194603
a1057.png,40,1,0.196363
a1058.png,40,1,0.19605
a1098.png,40,1,0.151099
a1099.png,40,1,0.164022
a1112.png,40,1,0.180938
a1132.png,40,1,0.185133
a1147.png,40,1,0.194057
a1204.png,40,1,0.175633
a1207.png,40,1,0.188034
a1215.png,40,1,0.195386
a1222.png,40,1,0.188599
a1231.png,40,1,0.178842
a1241.png,40,1,0.179702
b0045.png,40,1,0.212963
b0049.png,40,1,0.211782
b0113.png,40,1,0.228921
b0155.png,40,1,0.237672
b0256.png,40,1,0.220905
b0283.png,40,1,0.218138
b0299.png,40,1,0.209418
b0457.png,40,1,0.189161
b0479.png,40,1,0.2017
c0029.png,40,1,0.30307
c0050.png,40,1,0.305426
c0207.png,40,1,0.241387
c0268.png,40,1,0.265188
c0292.png,40,1,0.310503
c0296.png,40,1,0.300339
c0337.png,40,1,0.317759
c0358.png,40,1,0.309172
c0374.png,40,1,0.29167
c0377.png,40,1,0.290211
c0417.png,40,1,0.281359
c0430.png,40,1,0.283436
d0006.png,40,1,0.211303
d0023.png,40,1,0.214741
d0054.png,40,1,0.20482
d0073.png,40,1,0.206039
d0115.png,40,1,0.178945
d0131.png,40,1,0.193276
d0184.png,40,1,0.205891
d0342.png,40,1,0.204253
d0374.png,40,1,0.213891
d0398.png,40,1,0.210124
d0416.png,40,1,0.211041
d0417.png,40,1,0.204145
d0467.png,40,1,0.205912
d0567.png,40,1,0.202279
d0600.png,40,1,0.229027
d0767.png,40,1,0.197562
d0853.png,40,1,0.198324
d0866.png,40,1,0.203886
d0903.png,40,1,0.204385
d0929.png,40,1,0.157428
d0974.png,40,1,0.190642
d1012.png,40,1,0.195752
e0058.png,40,1,0.301105
e0168.png,40,1,0.306715
e0202.png,40,1,0.314602
e0205.png,40,1,0.313335
e0278.png,40,1,0.300502
e0281.png,40,1,0.315039
e0287.png,40,1,0.292158
e0300.png,40,1,0.319042
e0322.png,40,1,0.301368
e0374.png,40,1,0.302094
e0553.png,40,1,0.308468
e0647.png,40,1,0.29663
e0680.png,40,1,0.305207
e0737.png,40,1,0.2749
e0758.png,40,1,0.294774
e0831.png,40,1,0.290154
e0861.png,40,1,0.30337
e0888.png,40,1,0.305194
e1060.png,40,1,0.309967
e1065.png,40,1,0.314215
g0075.png,40,1,0.26718
g0149.png,40,1,0.284089
h0047.png,40,1,0.217117
h0223.png,40,1,0.220934
h0256.png,40,1,0.180927
h0261.png,40,1,0.191019
h0300.png,40,1,0.192807
h0323.png,40,1,0.189049
h0329.png,40,1,0.198615
h0407.png,40,1,0.198262
h0421.png,40,1,0.206453
h0503.png,40,1,0.197657
h0514.png,40,1,0.188665
h0583.png,40,1,0.192559
i0008.png,40,1,0.18314
i0075.png,40,1,0.183636
i0078.png,40,1,0.1902
i0216.png,40,1,0.184371
i0234.png,40,1,0.194288
i0249.png,40,1,0.172067
i0284.png,40,1,0.182328
i0303.png,40,1,0.162424
i0323.png,40,1,0.174218
i0338.png,40,1,0.183582
i0347.png,40,1,0.18174
i0363.png,40,1,0.173422
i0365.png,40,1,0.178224
i0441.png,40,1,0.178597
i0456.png,40,1,0.167913
i0484.png,40,1,0.172805
i0502.png,40,1,0.173854
i0520.png,40,1,0.165383
i0524.png,40,1,0.161637
i0730.png,40,1,0.169508
i0802.png,40,1,0.193989
i0822.png,40,1,0.171272
i0834.png,40,1,0.196916
i0909.png,40,1,0.176741
i0977.png,40,1,0.193062
i1031.png,40,1,0.180893
j0071.png,40,1,0.145313
j0077.png,40,1,0.182336
j0114.png,40,1,0.177299
j0128.png,40,1,0.175869
j0133.png,40,1,0.151555
j0178.png,40,1,0.173588
j0218.png,40,1,0.175032
j0466.png,40,1,0.177976
j0475.png,40,1,0.189105
j0498.png,40,1,0.172676
j0531.png,40,1,0.176327
j0551.png,40,1,0.181049
j0576.png,40,1,0.173158
j0647.png,40,1,0.17099
j0656.png,40,1,0.179882
j0664.png,40,1,0.176618
j0680.png,40,1,0.164629
j0682.png,40,1,0.172308
k0064.png,40,1,0.266366
k0066.png,40,1,0.263834
k0091.png,40,1,0.254167
k0106.png,40,1,0.263359
k0107.png,40,1,0.244421
k0138.png,40,1,0.272204
k0193.png,40,1,0.228936
k0204.png,40,1,0.255933
k0208.png,40,1,0.266158
k0256.png,40,1,0.256019
k0312.png,40,1,0.258411
k0448.png,40,1,0.227219
k0535.png,40,1,0.250952
l0028.png,40,1,0.270739
l0039.png,40,1,0.261211
l0047.png,40,1,0.27832
l0091.png,40,1,0.252299
l0109.png,40,1,0.24183
l0196.png,40,1,0.245986
l0299.png,40,1,0.21001
l0357.png,40,1,0.252718
l0388.png,40,1,0.197944
m0062.png,40,1,0.174793
m0103.png,40,1,0.19393
m0111.png,40,1,0.198763
m0136.png,40,1,0.183041
m0152.png,40,1,0.177122
m0172.png,40,1,0.18475
m0193.png,40,1,0.177703
m0201.png,40,1,0.141454
m0346.png,40,1,0.179197
m0443.png,40,1,0.154662
m0457.png,40,1,0.1697
m0505.png,40,1,0.156894
n0062.png,40,1,0.196957
n0063.png,40,1,0.20343
n0140.png,40,1,0.202285
n0202.png,40,1,0.190992
n0209.png,40,1,0.191727
n0212.png,40,1,0.189351
n0303.png,40,1,0.193142
n0332.png,40,1,0.177483
n0340.png,40,1,0.190994
n0343.png,40,1,0.196957
n0624.png,40,1,0.175252
n0654.png,40,1,0.172622
n0658.png,40,1,0.195411
n0662.png,40,1,0.198427
n0665.png,40,1,0.197195
n0722.png,40,1,0.17678
n0738.png,40,1,0.2166
n0774.png,40,1,0.177283
n0777.png,40,1,0.18232
n0807.png,40,1,0.204699
n0815.png,40,1,0.176555
n0826.png,40,1,0.20351
n0840.png,40,1,0.123806
n0889.png,40,1,0.18606
n0909.png,40,1,0.185998
n0910.png,40,1,0.195622
n0911.png,40,1,0.172677
n0915.png,40,1,0.183541
n0928.png,40,1,0.200283
n0934.png,40,1,0.210869
n0967.png,40,1,0.210141
n1003.png,40,1,0.161602
n1031.png,40,1,0.183003
n1042.png,40,1,0.203319
o0009.png,40,1,0.246278
o0043.png,40,1,0.249068
o0053.png,40,1,0.242896
o0056.png,40,1,0.24907
o0070.png,40,1,0.239994
o0085.png,40,1,0.230065
o0088.png,40,1,0.236331
o0102.png,40,1,0.244585
o0177.png,40,1,0.238828
o0179.png,40,1,0.238612
o0195.png,40,1,0.234862
o0196.png,40,1,0.234719
o0205.png,40,1,0.236769
o0207.png,40,1,0.243555
o0260.png,40,1,0.241591
o0279.png,40,1,0.238902
o0359.png,40,1,0.239494
o0394.png,40,1,0.234823
o0432.png,40,1,0.247301
o0444.png,40,1,0.245587
o0470.png,40,1,0.231023
o0491.png,40,1,0.234669
o0545.png,40,1,0.263166
o0564.png,40,1,0.245083
o0570.png,40,1,0.246145
o0602.png,40,1,0.248766
o0676.png,40,1,0.237902
o0704.png,40,1,0.169146
p0001.png,40,1,0.178938
p0144.png,40,1,0.157403
p0165.png,40,1,0.162158
p0215.png,40,1,0.14639
p0253.png,40,1,0.164554
p0301.png,40,1,0.156151
p0319.png,40,1,0.160851
q0026.png,40,1,0.184394
q0044.png,40,1,0.19901
q0071.png,40,1,0.18541
q0081.png,40,1,0.176356
q0105.png,40,1,0.173742
q0149.png,40,1,0.200404
q0173.png,40,1,0.168375
q0277.png,40,1,0.189327
q0388.png,40,1,0.193219
q0416.png,40,1,0.188042
q0471.png,40,1,0.17558
q0480.png,40,1,0.181063
q0482.png,40,1,0.187825
q0508.png,40,1,0.199576
r0128.png,40,1,0.264406
r0130.png,40,1,0.260771
r0193.png,40,1,0.27969
r0214.png,40,1,0.281452
r0292.png,40,1,0.218118
r0345.png,40,1,0.265496
r0350.png,40,1,0.263628
r0513.png,40,1,0.192432
s0045.png,40,1,0.192273
s0046.png,40,1,0.190563
s0059.png,40,1,0.197575
s0066.png,40,1,0.187877
s0167.png,40,1,0.202801
s0206.png,40,1,0.199456
s0323.png,40,1,0.196299
s0330.png,40,1,0.197679
s0371.png,40,1,0.201187
s0383.png,40,1,0.201674
s0430.png,40,1,0.198419
u0020.png,40,1,0.214363
u0151.png,40,1,0.202018
u0180.png,40,1,0.217834
u0204.png,40,1,0.217062
u0229.png,40,1,0.209562
u0233.png,40,1,0.212246
u0248.png,40,1,0.208957
u0282.png,40,1,0.21857
u0294.png,40,1,0.214418
u0317.png,40,1,0.234652
u0433.png,40,1,0.2292
u0436.png,40,1,0.210081
u0513.png,40,1,0.214812
u0519.png,40,1,0.208212
v0046.png,40,1,0.178198
v0050.png,40,1,0.162697
v0062.png,40,1,0.173421
v0081.png,40,1,0.163619
v0096.png,40,1,0.181609
v0112.png,40,1,0.170277
v0114.png,40,1,0.172184
v0140.png,40,1,0.177043
v0201.png,40,1,0.168205
v0246.png,40,1,0.164788
v0255.png,40,1,0.166307
v0429.png,40,1,0.174296
v0432.png,40,1,0.178242
v0487.png,40,1,0.171044
v0526.png,40,1,0.163862
v0542.png,40,1,0.197335
v0796.png,40,1,0.166502
v0811.png,40,1,0.15296
v0876.png,40,1,0.152592
v0886.png,40,1,0.168997
v0894.png,40,1,0.175998
v0902.png,40,1,0.165108
v0945.png,40,1,0.169163
v0975.png,40,1,0.180976
v0994.png,40,1,0.174207
v1005.png,40,1,0.172916
w0035.png,40,1,0.25472
w0048.png,40,1,0.302064
w0061.png,40,1,0.264008
w0194.png,40,1,0.286715
w0199.png,40,1,0.295868
w0206.png,40,1,0.281568
w0207.png,40,1,0.280077
w0225.png,40,1,0.263894
w0363.png,40,1,0.308562
w0414.png,40,1,0.267326
w0509.png,40,1,0.263834
w0529.png,40,1,0.263476
w0580.png,40,1,0.269683
w0735.png,40,1,0.272653
w0738.png,40,1,0.286619
w0742.png,40,1,0.278008
w0810.png,40,1,0.297057
x0020.png,40,1,0.183092
x0074.png,40,1,0.185102
x0099.png,40,1,0.160426
x0138.png,40,1,0.176931
x0178.png,40,1,0.16205
x0267.png,40,1,0.182517
x0292.png,40,1,0.202437
x0306.png,40,1,0.213684
x0310.png,40,1,0.214298
x0369.png,40,1,0.128018
x0382.png,40,1,0.160092
x0385.png,40,1,0.166973
x0400.png,40,1,0.184892
x0437.png,40,1,0.178914
x0499.png,40,1,0.186864
x0667.png,40,1,0.174894
x0679.png,40,1,0.178653
x0697.png,40,1,0.156261
x0716.png,40,1,0.159749
x0741.png,40,1,0.203268
x0748.png,40,1,0.182134
x0774.png,40,1,0.175567
x0802.png,40,1,0.182858
x0839.png,40,1,0.180927
x0878.png,40,1,0.177637
x0995.png,40,1,0.175397
x1011.png,40,1,0.177096
x1149.png,40,1,0.195837
x1260.png,40,1,0.179689
x1424.png,40,1,0.187147
y0059.png,40,1,0.210526
y0134.png,40,1,0.214213
y0171.png,40,1,0.21058
y0189.png,40,1,0.207517
y0271.png,40,1,0.198011
y0367.png,40,1,0.202137
y0387.png,40,1,0.203047
y0408.png,40,1,0.205
y0409.png,40,1,0.206703
y0439.png,40,1,0.203171
y0516.png,40,1,0.215015
y0581.png,40,1,0.210034
y0682.png,40,1,0.203085
y0762.png,40,1,0.208249
y0778.png,40,1,0.203783
y0808.png,40,1,0.205196
y0845.png,40,1,0.210208
y0902.png,40,1,0.202874
y0984.png,40,1,0.204159
y0995.png,40,1,0.201487
y1076.png,40,1,0.208433
y1175.png,40,1,0.202304
y1181.png,40,1,0.210024
y1207.png,40,1,0.202391
y1318.png,40,1,0.195436
y1342.png,40,1,0.198643
y1389.png,40,1,0.207862
y1421.png,40,1,0.209883
y1511.png,40,1,0.210078
za0001.png,40,1,0.188523
za0058.png,40,1,0.182978
za0074.png,40,1,0.188221
za0108.png,40,1,0.183489
za0114.png,40,1,0.160054
za0164.png,40,1,0.171751
za0166.png,40,1,0.17261
za0205.png,40,1,0.181337
za0244.png,40,1,0.189139
za0274.png,40,1,0.171657
za0325.png,40,1,0.165842
za0388.png,40,1,0.189543
za0533.png,40,1,0.172454
za0595.png,40,1,0.171229
za0620.png,40,1,0.171067
za0637.png,40,1,0.177395
za0676.png,40,1,0.168644
za0685.png,40,1,0.1859
za0688.png,40,1,0.165539
za0719.png,40,1,0.173641
za0738.png,40,1,0.168111
za0753.png,40,1,0.181926
za0765.png,40,1,0.182182
za0799.png,40,1,0.191158
za0909.png,40,1,0.191163
za0933.png,40,1,0.165484
za0938.png,40,1,0.192304
za0943.png,40,1,0.176564
za0996.png,40,1,0.180641
za1025.png,40,1,0.183888
zb0010.png,40,1,0.2023
zb0017.png,40,1,0.253326
zb0031.png,40,1,0.22948
zb0046.png,40,1,0.228309
zb0066.png,40,1,0.211645
zb0073.png,40,1,0.220376
zb0117.png,40,1,0.195008
zb0124.png,40,1,0.238646
zb0148.png,40,1,0.219217
zb0152.png,40,1,0.195061
zb0273.png,40,1,0.266672
zb0276.png,40,1,0.237849
zb0355.png,40,1,0.22649
zb0426.png,40,1,0.241213
zb0433.png,40,1,0.248791
zb0457.png,40,1,0.259106
zb0502.png,40,1,0.247399
zb0528.png,40,1,0.23457
zb0573.png,40,1,0.198518
zb0593.png,40,1,0.233372
zb0636.png,40,1,0.24596
zb0659.png,40,1,0.246093
zb0732.png,40,1,0.241657
zb0863.png,40,1,0.251663
zb0867.png,40,1,0.248003
zb0883.png,40,1,0.245362
zb0917.png,40,1,0.225167
zb0940.png,40,1,0.213385
zb0961.png,40,1,0.261785
zb0966.png,40,1,0.247272
zb0974.png,40,1,0.265752
zb0993.png,40,1,0.262511
zb1020.png,40,1,0.266609
zb1105.png,40,1,0.273659
zb1124.png,40,1,0.231534
zb1144.png,40,1,0.229814
zb1179.png,40,1,0.249363
zb1237.png,40,1,0.231438
zb1246.png,40,1,0.248173
zc0027.png,40,1,0.299781
zc0102.png,40,1,0.286027
zc0189.png,40,1,0.309055
zc0386.png,40,1,0.310063
zc0442.png,40,1,0.301338
zc0507.png,40,1,0.304989
zc0686.png,40,1,0.305188
zc0809.png,40,1,0.297929
zc0813.png,40,1,0.27543
zc0842.png,40,1,0.295811
zc0852.png,40,1,0.298032
zc1127.png,40,1,0.292099
zc1176.png,40,1,0.304937
zc1181.png,40,1,0.292619
zc1316.png,40,1,0.292898
zc1434.png,40,1,0.294386
zc1452.png,40,1,0.301923
zc1490.png,40,1,0.291232
zc1576.png,40,1,0.296035
zc1667.png,40,1,0.297545
a0068.png,25,1,0.167549
a0205.png,25,1,0.19846
a0208.png,25,1,0.184493
a0230.png,25,1,0.184009
a0245.png,25,1,0.145667
a0277.png,25,1,0.191563
a0279.png,25,1,0.177133
a0371.png,25,1,0.170741
a0372.png,25,1,0.185354
a0374.png,25,1,0.186395
a0379.png,25,1,0.18257
a0386.png,25,1,0.172291
a0418.png,25,1,0.173232
a0487.png,25,1,0.178481
a0533.png,25,1,0.172956
a0579.png,25,1,0.217053
a0705.png,25,1,0.178399
a0857.png,25,1,0.181645
a0881.png,25,1,0.153615
a0947.png,25,1,0.188807
a0958.png,25,1,0.148346
a1009.png,25,1,0.21473
a1021.png,25,1,0.209562
a1035.png,25,1,0.191379
a1057.png,25,1,0.183612
a1058.png,25,1,0.192439
a1098.png,25,1,0.156854
a1099.png,25,1,0.162225
a1112.png,25,1,0.17862
a1132.png,25,1,0.186308
a1147.png,25,1,0.18836
a1204.png,25,1,0.173783
a1207.png,25,1,0.191449
a1215.png,25,1,0.183515
a1222.png,25,1,0.191665
a1231.png,25,1,0.183049
a1241.png,25,1,0.180782
b0045.png,25,1,0.210236
b0049.png,25,1,0.205083
b0113.png,25,1,0.239676
b0155.png,25,1,0.236177
b0256.png,25,1,0.235384
b0283.png,25,1,0.216991
b0299.png,25,1,0.217216
b0457.png,25,1,0.193191
b0479.png,25,1,0.196866
c0029.png,25,1,0.31294
c0050.png,25,1,0.305629
c0207.png,25,1,0.256648
c0268.png,25,1,0.262347
c0292.png,25,1,0.291222
c0296.png,25,1,0.288789
c0337.png,25,1,0.309673
c0358.png,25,1,0.303658
c0374.png,25,1,0.300638
c0377.png,25,1,0.299929
c0417.png,25,1,0.282627
c0430.png,25,1,0.283206
d0006.png,25,1,0.203356
d0023.png,25,1,0.208744
d0054.png,25,1,0.191376
d0073.png,25,1,0.200289
d0115.png,25,1,0.177478
d0131.png,25,1,0.194624
d0184.png,25,1,0.195144
d0342.png,25,1,0.189611
d0374.png,25,1,0.196928
d0398.png,25,1,0.202991
d0416.png,25,1,0.200603
d0417.png,25,1,0.20893
d0467.png,25,1,0.195315
d0567.png,25,1,0.192251
d0600.png,25,1,0.212832
d0767.png,25,1,0.184457
d0853.png,25,1,0.184996
d0866.png,25,1,0.201477
d0903.png,25,1,0.195248
d0929.png,25,1,0.163908
d0974.png,25,1,0.180577
d1012.png,25,1,0.197013
e0058.png,25,1,0.304093
e0168.png,25,1,0.304643
e0202.png,25,1,0.309962
e0205.png,25,1,0.323927
e0278.png,25,1,0.310825
e0281.png,25,1,0.30627
e0287.png,25,1,0.309358
e0300.png,25,1,0.305588
e0322.png,25,1,0.302331
e0374.png,25,1,0.30283
e0553.png,25,1,0.318315
e0647.png,25,1,0.298959
e0680.png,25,1,0.304066
e0737.png,25,1,0.270168
e0758.png,25,1,0.277496
e0831.png,25,1,0.297681
e0861.png,25,1,0.304167
e0888.png,25,1,0.303678
e1060.png,25,1,0.301971
e1065.png,25,1,0.32105
g0075.png,25,1,0.263171
g0149.png,25,1,0.284357
h0047.png,25,1,0.220344
h0223.png,25,1,0.222908
h0256.png,25,1,0.185339
h0261.png,25,1,0.191769
h0300.png,25,1,0.190725
h0323.png,25,1,0.191733
h0329.png,25,1,0.202185
h0407.png,25,1,0.208975
h0421.png,25,1,0.204781
h0503.png,25,1,0.197374
h0514.png,25,1,0.192106
h0583.png,25,1,0.199848
i0008.png,25,1,0.193222
i0075.png,25,1,0.183695
i0078.png,25,1,0.181167
i0216.png,25,1,0.19281
i0234.png,25,1,0.194187
i0249.png,25,1,0.185329
i0284.png,25,1,0.186535
i0303.png,25,1,0.178228
i0323.png,25,1,0.189243
i0338.png,25,1,0.189635
i0347.png,25,1,0.183959
i0363.png,25,1,0.18515
i0365.png,25,1,0.183992
i0441.png,25,1,0.182614
i0456.png,25,1,0.172204
i0484.png,25,1,0.191421
i0502.png,25,1,0.183716
i0520.png,25,1,0.17962
i0524.png,25,1,0.176572
i0730.png,25,1,0.173563
i0802.png,25,1,0.209959
i0822.png,25,1,0.174977
i0834.png,25,1,0.209378
i0909.png,25,1,0.188448
i0977.png,25,1,0.199136
i1031.png,25,1,0.189386
j0071.png,25,1,0.147842
j0077.png,25,1,0.183292
j0114.png,25,1,0.168506
j0128.png,25,1,0.162666
j0133.png,25,1,0.150628
j0178.png,25,1,0.17039
j0218.png,25,1,0.16841
j0466.png,25,1,0.179038
j0475.png,25,1,0.192355
j0498.png,25,1,0.17469
j0531.png,25,1,0.179127
j0551.png,25,1,0.180627
j0576.png,25,1,0.170936
j0647.png,25,1,0.175937
j0656.png,25,1,0.182214
j0664.png,25,1,0.17559
j0680.png,25,1,0.174764
j0682.png,25,1,0.177584
k0064.png,25,1,0.259397
k0066.png,25,1,0.261806
k0091.png,25,1,0.246001
k0106.png,25,1,0.256742
k0107.png,25,1,0.241935
k0138.png,25,1,0.279688
k0193.png,25,1,0.230357
k0204.png,25,1,0.263837
k0208.png,25,1,0.257247
k0256.png,25,1,0.261523
k0312.png,25,1,0.263394
k0448.png,25,1,0.219415
k0535.png,25,1,0.250462
l0028.png,25,1,0.278555
l0039.png,25,1,0.258368
l0047.png,25,1,0.276085
l0091.png,25,1,0.247161
l0109.png,25,1,0.241022
l0196.png,25,1,0.252944
l0299.png,25,1,0.198723
l0357.png,25,1,0.260377
l0388.png,25,1,0.201532
m0062.png,25,1,0.17092
m0103.png,25,1,0.20031
m0111.png,25,1,0.192987
m0136.png,25,1,0.181867
m0152.png,25,1,0.178302
m0172.png,25,1,0.181587
m0193.png,25,1,0.170834
m0201.png,25,1,0.146592
m0346.png,25,1,0.172025
m0443.png,25,1,0.152825
m0457.png,25,1,0.176149
m0505.png,25,1,0.161134
n0062.png,25,1,0.201325
n0063.png,25,1,0.20114
n0140.png,25,1,0.20093
n0202.png,25,1,0.191731
n0209.png,25,1,0.20369
n0212.png,25,1,0.203215
n0303.png,25,1,0.20107
n0332.png,25,1,0.183396
n0340.png,25,1,0.193463
n0343.png,25,1,0.201783
n0624.png,25,1,0.173303
n0654.png,25,1,0.17828
n0658.png,25,1,0.200316
n0662.png,25,1,0.204579
n0665.png,25,1,0.204939
n0722.png,25,1,0.166545
n0738.png,25,1,0.233713
n0774.png,25,1,0.187071
n0777.png,25,1,0.183351
n0807.png,25,1,0.206021
n0815.png,25,1,0.18151
n0826.png,25,1,0.201197
n0840.png,25,1,0.15025
n0889.png,25,1,0.196201
n0909.png,25,1,0.1894
n0910.png,25,1,0.195533
n0911.png,25,1,0.185209
n0915.png,25,1,0.191198
n0928.png,25,1,0.204516
n0934.png,25,1,0.192471
n0967.png,25,1,0.188232
n1003.png,25,1,0.165525
n1031.png,25,1,0.176323
n1042.png,25,1,0.205664
o0009.png,25,1,0.24219
o0043.png,25,1,0.253454
o0053.png,25,1,0.247857
o0056.png,25,1,0.250702
o0070.png,25,1,0.237302
o0085.png,25,1,0.226575
o0088.png,25,1,0.233245
o0102.png,25,1,0.246391
o0177.png,25,1,0.240393
o0179.png,25,1,0.242827
o0195.png,25,1,0.235158
o0196.png,25,1,0.237836
o0205.png,25,1,0.243994
o0207.png,25,1,0.237259
o0260.png,25,1,0.240061
o0279.png,25,1,0.244556
o0359.png,25,1,0.244419
o0394.png,25,1,0.238691
o0432.png,25,1,0.241379
o0444.png,25,1,0.242794
o0470.png,25,1,0.218449
o0491.png,25,1,0.235071
o0545.png,25,1,0.272966
o0564.png,25,1,0.246814
o0570.png,25,1,0.244056
o0602.png,25,1,0.248308
o0676.png,25,1,0.235155
o0704.png,25,1,0.174289
p0001.png,25,1,0.1757
p0144.png,25,1,0.161817
p0165.png,25,1,0.152977
p0215.png,25,1,0.148029
p0253.png,25,1,0.158126
p0301.png,25,1,0.157342
p0319.png,25,1,0.159545
q0026.png,25,1,0.194376
q0044.png,25,1,0.190093
q0071.png,25,1,0.186355
q0081.png,25,1,0.179882
q0105.png,25,1,0.175382
q0149.png,25,1,0.192607
q0173.png,25,1,0.176023
q0277.png,25,1,0.188826
q0388.png,25,1,0.193251
q0416.png,25,1,0.198024
q0471.png,25,1,0.180229
q0480.png,25,1,0.185878
q0482.png,25,1,0.181033
q0508.png,25,1,0.199979
r0128.png,25,1,0.261272
r0130.png,25,1,0.258801
r0193.png,25,1,0.277666
r0214.png,25,1,0.272702
r0292.png,25,1,0.219176
r0345.png,25,1,0.26437
r0350.png,25,1,0.264774
r0513.png,25,1,0.206294
s0045.png,25,1,0.198301
s0046.png,25,1,0.195262
s0059.png,25,1,0.195265
s0066.png,25,1,0.189591
s0167.png,25,1,0.204684
s0206.png,25,1,0.20593
s0323.png,25,1,0.20034
s0330.png,25,1,0.206079
s0371.png,25,1,0.196752
s0383.png,25,1,0.207939
s0430.png,25,1,0.199577
u0020.png,25,1,0.212552
u0151.png,25,1,0.215573
u0180.png,25,1,0.223087
u0204.png,25,1,0.225863
u0229.png,25,1,0.223893
u0233.png,25,1,0.208918
u0248.png,25,1,0.217104
u0282.png,25,1,0.214578
u0294.png,25,1,0.213547
u0317.png,25,1,0.21533
u0433.png,25,1,0.224553
u0436.png,25,1,0.216978
u0513.png,25,1,0.211612
u0519.png,25,1,0.203598
v0046.png,25,1,0.174156
v0050.png,25,1,0.167681
v0062.png,25,1,0.163772
v0081.png,25,1,0.166944
v0096.png,25,1,0.167145
v0112.png,25,1,0.169426
v0114.png,25,1,0.171384
v0140.png,25,1,0.174381
v0201.png,25,1,0.168859
v0246.png,25,1,0.172103
v0255.png,25,1,0.162778
v0429.png,25,1,0.17449
v0432.png,25,1,0.171996
v0487.png,25,1,0.175893
v0526.png,25,1,0.165179
v0542.png,25,1,0.189234
v0796.png,25,1,0.161617
v0811.png,25,1,0.150556
v0876.png,25,1,0.157646
v0886.png,25,1,0.161146
v0894.png,25,1,0.168065
v0902.png,25,1,0.164495
v0945.png,25,1,0.159603
v0975.png,25,1,0.168792
v0994.png,25,1,0.162987
v1005.png,25,1,0.172892
w0035.png,25,1,0.260694
w0048.png,25,1,0.307042
w0061.png,25,1,0.276505
w0194.png,25,1,0.287971
w0199.png,25,1,0.297518
w0206.png,25,1,0.285208
w0207.png,25,1,0.268893
w0225.png,25,1,0.273443
w0363.png,25,1,0.301123
w0414.png,25,1,0.276287
w0509.png,25,1,0.269037
w0529.png,25,1,0.257889
w0580.png,25,1,0.2641
w0735.png,25,1,0.273914
w0738.png,25,1,0.275033
w0742.png,25,1,0.285532
w0810.png,25,1,0.296717
x0020.png,25,1,0.190542
x0074.png,25,1,0.195882
x0099.png,25,1,0.167191
x0138.png,25,1,0.18045
x0178.png,25,1,0.160129
x0267.png,25,1,0.181519
x0292.png,25,1,0.209006
x0306.png,25,1,0.218075
x0310.png,25,1,0.217997
x0369.png,25,1,0.141645
x0382.png,25,1,0.157509
x0385.png,25,1,0.168597
x0400.png,25,1,0.186429
x0437.png,25,1,0.183136
x0499.png,25,1,0.19034
x0667.png,25,1,0.186049
x0679.png,25,1,0.177158
x0697.png,25,1,0.152403
x0716.png,25,1,0.160344
x0741.png,25,1,0.200088
x0748.png,25,1,0.190578
x0774.png,25,1,0.177013
x0802.png,25,1,0.187109
x0839.png,25,1,0.195543
x0878.png,25,1,0.183199
x0995.png,25,1,0.181865
x1011.png,25,1,0.185249
x1149.png,25,1,0.193873
x1260.png,25,1,0.185032
x1424.png,25,1,0.185427
y0059.png,25,1,0.201132
y0134.png,25,1,0.197146
y0171.png,25,1,0.19859
y0189.png,25,1,0.197598
y0271.png,25,1,0.192415
y0367.png,25,1,0.194636
y0387.png,25,1,0.207035
y0408.png,25,1,0.191165
y0409.png,25,1,0.192452
y0439.png,25,1,0.194153
y0516.png,25,1,0.204828
y0581.png,25,1,0.202537
y0682.png,25,1,0.195974
y0762.png,25,1,0.196501
y0778.png,25,1,0.19961
y0808.png,25,1,0.197563
y0845.png,25,1,0.195486
y0902.png,25,1,0.199736
y0984.png,25,1,0.194064
y0995.png,25,1,0.204666
y1076.png,25,1,0.196607
y1175.png,25,1,0.199032
y1181.png,25,1,0.203662
y1207.png,25,1,0.198224
y1318.png,25,1,0.198595
y1342.png,25,1,0.196616
y1389.png,25,1,0.198784
y1421.png,25,1,0.202285
y1511.png,25,1,0.203345
za0001.png,25,1,0.194447
za0058.png,25,1,0.192852
za0074.png,25,1,0.194619
za0108.png,25,1,0.186621
za0114.png,25,1,0.168962
za0164.png,25,1,0.182732
za0166.png,25,1,0.170228
za0205.png,25,1,0.178197
za0244.png,25,1,0.192546
za0274.png,25,1,0.168962
za0325.png,25,1,0.175561
za0388.png,25,1,0.198846
za0533.png,25,1,0.166331
za0595.png,25,1,0.172231
za0620.png,25,1,0.172257
za0637.png,25,1,0.179304
za0676.png,25,1,0.180137
za0685.png,25,1,0.191089
za0688.png,25,1,0.16531
za0719.png,25,1,0.179284
za0738.png,25,1,0.17457
za0753.png,25,1,0.174845
za0765.png,25,1,0.186859
za0799.png,25,1,0.181986
za0909.png,25,1,0.193717
za0933.png,25,1,0.176199
za0938.png,25,1,0.195817
za0943.png,25,1,0.178502
za0996.png,25,1,0.186598
za1025.png,25,1,0.192073
zb0010.png,25,1,0.210899
zb0017.png,25,1,0.255918
zb0031.png,25,1,0.233328
zb0046.png,25,1,0.219749
zb0066.png,25,1,0.213097
zb0073.png,25,1,0.220074
zb0117.png,25,1,0.192282
zb0124.png,25,1,0.241842
zb0148.png,25,1,0.211903
zb0152.png,25,1,0.200301
zb0273.png,25,1,0.26325
zb0276.png,25,1,0.234912
zb0355.png,25,1,0.218635
zb0426.png,25,1,0.241193
zb0433.png,25,1,0.244014
zb0457.png,25,1,0.252534
zb0502.png,25,1,0.240491
zb0528.png,25,1,0.236239
zb0573.png,25,1,0.198602
zb0593.png,25,1,0.231927
zb0636.png,25,1,0.244868
zb0659.png,25,1,0.243004
zb0732.png,25,1,0.232441
zb0863.png,25,1,0.251475
zb0867.png,25,1,0.251592
zb0883.png,25,1,0.244404
zb0917.png,25,1,0.221202
zb0940.png,25,1,0.216092
zb0961.png,25,1,0.259418
zb0966.png,25,1,0.247718
zb0974.png,25,1,0.259799
zb0993.png,25,1,0.266429
zb1020.png,25,1,0.267559
zb1105.png,25,1,0.273061
zb1124.png,25,1,0.228648
zb1144.png,25,1,0.241044
zb1179.png,25,1,0.253304
zb1237.png,25,1,0.237753
zb1246.png,25,1,0.24823
zc0027.png,25,1,0.300137
zc0102.png,25,1,0.289815
zc0189.png,25,1,0.305633
zc0386.png,25,1,0.308239
zc0442.png,25,1,0.314313
zc0507.png,25,1,0.306458
zc0686.png,25,1,0.299821
zc0809.png,25,1,0.310713
zc0813.png,25,1,0.291679
zc0842.png,25,1,0.303125
zc0852.png,25,1,0.305579
zc1127.png,25,1,0.307806
zc1176.png,25,1,0.317014
zc1181.png,25,1,0.308395
zc1316.png,25,1,0.299798
zc1434.png,25,1,0.299932
zc1452.png,25,1,0.302196
zc1490.png,25,1,0.302587
zc1576.png,25,1,0.300439
zc1667.png,25,1,0.309753
a0068.png,15,1,0.172338
a0205.png,15,1,0.195533
a0208.png,15,1,0.174862
a0230.png,15,1,0.181971
a0245.png,15,1,0.160138
a0277.png,15,1,0.178915
a0279.png,15,1,0.178645
a0371.png,15,1,0.165741
a0372.png,15,1,0.184234
a0374.png,15,1,0.190436
a0379.png,15,1,0.178696
a0386.png,15,1,0.183288
a0418.png,15,1,0.172192
a0487.png,15,1,0.1765
a0533.png,15,1,0.16775
a0579.png,15,1,0.214931
a0705.png,15,1,0.181753
a0857.png,15,1,0.181535
a0881.png,15,1,0.161227
a0947.png,15,1,0.180003
a0958.png,15,1,0.157085
a1009.png,15,1,0.206422
a1021.png,15,1,0.207853
a1035.png,15,1,0.19141
a1057.png,15,1,0.191493
a1058.png,15,1,0.188857
a1098.png,15,1,0.155671
a1099.png,15,1,0.170749
a1112.png,15,1,0.172671
a1132.png,15,1,0.17733
a1147.png,15,1,0.179701
a1204.png,15,1,0.180398
a1207.png,15,1,0.192008
a1215.png,15,1,0.189342
a1222.png,15,1,0.187959
a1231.png,15,1,0.176166
a1241.png,15,1,0.173052
b0045.png,15,1,0.231394
b0049.png,15,1,0.225248
b0113.png,15,0,
b0155.png,15,1,0.22902
b0256.png,15,0,
b0283.png,15,0,
b0299.png,15,0,
b0457.png,15,1,0.208607
b0479.png,15,1,0.200431
c0029.png,15,1,0.303129
c0050.png,15,1,0.332066
c0207.png,15,1,0.259166
c0268.png,15,1,0.263142
c0292.png,15,1,0.277625
c0296.png,15,1,0.300422
c0337.png,15,1,0.298905
c0358.png,15,1,0.294119
c0374.png,15,1,0.29785
c0377.png,15,1,0.297067
c0417.png,15,1,0.293792
c0430.png,15,1,0.294786
d0006.png,15,1,0.20297
d0023.png,15,1,0.208368
d0054.png,15,1,0.194321
d0073.png,15,1,0.182819
d0115.png,15,1,0.175879
d0131.png,15,1,0.173747
d0184.png,15,1,0.17981
d0342.png,15,1,0.185365
d0374.png,15,1,0.197722
d0398.png,15,1,0.190282
d0416.png,15,1,0.189145
d0417.png,15,1,0.192992
d0467.png,15,1,0.190481
d0567.png,15,1,0.194344
d0600.png,15,1,0.205891
d0767.png,15,1,0.18822
d0853.png,15,1,0.18511
d0866.png,15,1,0.191681
d0903.png,15,1,0.188477
d0929.png,15,1,0.161479
d0974.png,15,1,0.173296
d1012.png,15,1,0.183885
e0058.png,15,1,0.289122
e0168.png,15,1,0.296154
e0202.png,15,1,0.285875
e0205.png,15,1,0.29544
e0278.png,15,1,0.290651
e0281.png,15,1,0.308665
e0287.png,15,1,0.293828
e0300.png,15,1,0.293144
e0322.png,15,1,0.283138
e0374.png,15,1,0.274748
e0553.png,15,1,0.299066
e0647.png,15,1,0.287121
e0680.png,15,1,0.280614
e0737.png,15,1,0.266317
e0758.png,15,1,0.266057
e0831.png,15,1,0.278514
e0861.png,15,1,0.279586
e0888.png,15,1,0.288951
e1060.png,15,1,0.287059
e1065.png,15,1,0.304123
g0075.png,15,1,0.254874
g0149.png,15,1,0.279653
h0047.png,15,1,0.230543
h0223.png,15,1,0.220898
h0256.png,15,1,0.18262
h0261.png,15,1,0.196417
h0300.png,15,1,0.195454
h0323.png,15,1,0.19855
h0329.png,15,1,0.204495
h0407.png,15,1,0.207791
h0421.png,15,1,0.206425
h0503.png,15,1,0.199645
h0514.png,15,1,0.204765
h0583.png,15,1,0.197669
i0008.png,15,1,0.190656
i0075.png,15,1,0.196312
i0078.png,15,1,0.195613
i0216.png,15,1,0.201753
i0234.png,15,1,0.207971
i0249.png,15,1,0.195886
i0284.png,15,1,0.191815
i0303.png,15,1,0.184434
i0323.png,15,1,0.185475
i0338.png,15,1,0.196252
i0347.png,15,1,0.193709
i0363.png,15,1,0.194652
i0365.png,15,1,0.194848
i0441.png,15,1,0.188312
i0456.png,15,1,0.178894
i0484.png,15,1,0.19637
i0502.png,15,1,0.183009
i0520.png,15,1,0.18765
i0524.png,15,1,0.18257
i0730.png,15,1,0.18284
i0802.png,15,1,0.212349
i0822.png,15,1,0.187191
i0834.png,15,1,0.211975
i0909.png,15,1,0.19609
i0977.png,15,1,0.194195
i1031.png,15,1,0.193569
j0071.png,15,1,0.154033
j0077.png,15,1,0.183037
j0114.png,15,1,0.17473
j0128.png,15,1,0.170426
j0133.png,15,1,0.154166
j0178.png,15,1,0.17218
j0218.png,15,1,0.170961
j0466.png,15,1,0.173683
j0475.png,15,1,0.18696
j0498.png,15,1,0.176198
j0531.png,15,1,0.184321
j0551.png,15,1,0.175384
j0576.png,15,1,0.17086
j0647.png,15,1,0.172902
j0656.png,15,1,0.179998
j0664.png,15,1,0.172729
j0680.png,15,1,0.177309
j0682.png,15,1,0.179965
k0064.png,15,1,0.255955
k0066.png,15,1,0.255084
k0091.png,15,1,0.25074
k0106.png,15,1,0.251443
k0107.png,15,1,0.241284
k0138.png,15,1,0.270485
k0193.png,15,1,0.23283
k0204.png,15,1,0.258006
k0208.png,15,1,0.255954
k0256.png,15,1,0.266177
k0312.png,15,1,0.250467
k0448.png,15,1,0.232642
k0535.png,15,1,0.252346
l0028.png,15,1,0.273617
l0039.png,15,1,0.255665
l0047.png,15,1,0.26561
l0091.png,15,1,0.248002
l0109.png,15,1,0.23911
l0196.png,15,1,0.254506
l0299.png,15,1,0.215599
l0357.png,15,1,0.252938
l0388.png,15,1,0.205724
m0062.png,15,1,0.166239
m0103.png,15,1,0.194516
m0111.png,15,1,0.193911
m0136.png,15,1,0.176929
m0152.png,15,1,0.178662
m0172.png,15,1,0.170398
m0193.png,15,1,0.167816
m0201.png,15,1,0.143433
m0346.png,15,1,0.170514
m0443.png,15,1,0.18989
m0457.png,15,1,0.158512
m0505.png,15,1,0.168648
n0062.png,15,1,0.203807
n0063.png,15,1,0.206139
n0140.png,15,1,0.199488
n0202.png,15,1,0.194969
n0209.png,15,1,0.19405
n0212.png,15,1,0.199943
n0303.png,15,1,0.200685
n0332.png,15,1,0.187008
n0340.png,15,1,0.203858
n0343.png,15,1,0.201922
n0624.png,15,1,0.17999
n0654.png,15,1,0.176707
n0658.png,15,1,0.19632
n0662.png,15,1,0.200317
n0665.png,15,1,0.213635
n0722.png,15,1,0.175679
n0738.png,15,1,0.2308
n0774.png,15,1,0.203258
n0777.png,15,1,0.193637
n0807.png,15,1,0.200204
n0815.png,15,1,0.169382
n0826.png,15,1,0.20155
n0840.png,15,1,0.155773
n0889.png,15,1,0.193828
n0909.png,15,1,0.192106
n0910.png,15,1,0.190949
n0911.png,15,1,0.178638
n0915.png,15,1,0.188286
n0928.png,15,1,0.210634
n0934.png,15,1,0.19339
n0967.png,15,1,0.188523
n1003.png,15,1,0.164982
n1031.png,15,1,0.173984
n1042.png,15,1,0.21243
o0009.png,15,1,0.241006
o0043.png,15,1,0.258526
o0053.png,15,1,0.247298
o0056.png,15,1,0.250178
o0070.png,15,1,0.242699
o0085.png,15,1,0.236377
o0088.png,15,1,0.237954
o0102.png,15,1,0.247889
o0177.png,15,1,0.243689
o0179.png,15,1,0.252477
o0195.png,15,1,0.244364
o0196.png,15,1,0.239738
o0205.png,15,1,0.236614
o0207.png,15,1,0.246672
o0260.png,15,1,0.243933
o0279.png,15,1,0.24722
o0359.png,15,1,0.239805
o0394.png,15,1,0.248137
o0432.png,15,1,0.242385
o0444.png,15,1,0.241079
o0470.png,15,1,0.224902
o0491.png,15,1,0.229024
o0545.png,15,1,0.276098
o0564.png,15,1,0.241881
o0570.png,15,1,0.245573
o0602.png,15,1,0.243325
o0676.png,15,1,0.227396
o0704.png,15,1,0.196958
p0001.png,15,1,0.171059
p0144.png,15,1,0.165025
p0165.png,15,1,0.156086
p0215.png,15,1,0.151012
p0253.png,15,1,0.152552
p0301.png,15,1,0.155399
p0319.png,15,1,0.158562
q0026.png,15,1,0.189348
q0044.png,15,1,0.192873
q0071.png,15,1,0.188836
q0081.png,15,1,0.183978
q0105.png,15,1,0.177899
q0149.png,15,1,0.198204
q0173.png,15,1,0.17874
q0277.png,15,1,0.185976
q0388.png,15,1,0.192478
q0416.png,15,1,0.1898
q0471.png,15,1,0.18577
q0480.png,15,1,0.185689
q0482.png,15,1,0.183006
q0508.png,15,1,0.196072
r0128.png,15,1,0.254669
r0130.png,15,1,0.263801
r0193.png,15,1,0.260278
r0214.png,15,1,0.277818
r0292.png,15,1,0.209126
r0345.png,15,1,0.249634
r0350.png,15,1,0.252058
r0513.png,15,1,0.20917
s0045.png,15,1,0.185805
s0046.png,15,1,0.193382
s0059.png,15,1,0.187745
s0066.png,15,1,0.186643
s0167.png,15,1,0.209003
s0206.png,15,1,0.203176
s0323.png,15,1,0.210327
s0330.png,15,1,0.204956
s0371.png,15,1,0.201977
s0383.png,15,1,0.204255
s0430.png,15,1,0.207007
u0020.png,15,1,0.215568
u0151.png,15,1,0.214428
u0180.png,15,1,0.209772
u0204.png,15,1,0.216817
u0229.png,15,1,0.21066
u0233.png,15,1,0.207951
u0248.png,15,1,0.216444
u0282.png,15,1,0.216288
u0294.png,15,1,0.205936
u0317.png,15,1,0.207038
u0433.png,15,1,0.21511
u0436.png,15,1,0.209224
u0513.png,15,1,0.209845
u0519.png,15,1,0.19939
v0046.png,15,1,0.168912
v0050.png,15,1,0.162423
v0062.png,15,1,0.167435
v0081.png,15,1,0.156068
v0096.png,15,1,0.170883
v0112.png,15,1,0.167693
v0114.png,15,1,0.1614
v0140.png,15,1,0.169676
v0201.png,15,1,0.173132
v0246.png,15,1,0.181189
v0255.png,15,1,0.173555
v0429.png,15,1,0.170568
v0432.png,15,1,0.173132
v0487.png,15,1,0.176245
v0526.png,15,1,0.168615
v0542.png,15,1,0.1843
v0796.png,15,1,0.160138
v0811.png,15,1,0.16333
v0876.png,15,1,0.161609
v0886.png,15,1,0.158969
v0894.png,15,1,0.163367
v0902.png,15,1,0.169092
v0945.png,15,1,0.167793
v0975.png,15,1,0.164985
v0994.png,15,1,0.155717
v1005.png,15,1,0.166152
w0035.png,15,1,0.270851
w0048.png,15,1,0.305893
w0061.png,15,1,0.27152
w0194.png,15,1,0.294978
w0199.png,15,1,0.285938
w0206.png,15,1,0.282055
w0207.png,15,1,0.277488
w0225.png,15,1,0.254369
w0363.png,15,1,0.311987
w0414.png,15,1,0.266685
w0509.png,15,1,0.27323
w0529.png,15,1,0.256394
w0580.png,15,1,0.272835
w0735.png,15,1,0.290392
w0738.png,15,1,0.287445
w0742.png,15,1,0.28767
w0810.png,15,1,0.285679
x0020.png,15,1,0.188853
x0074.png,15,1,0.197786
x0099.png,15,1,0.163396
x0138.png,15,1,0.185179
x0178.png,15,1,0.163246
x0267.png,15,1,0.179423
x0292.png,15,1,0.202507
x0306.png,15,1,0.201979
x0310.png,15,1,0.216788
x0369.png,15,1,0.139361
x0382.png,15,1,0.155947
x0385.png,15,1,0.163741
x0400.png,15,1,0.181178
x0437.png,15,1,0.174645
x0499.png,15,1,0.182245
x0667.png,15,1,0.17823
x0679.png,15,1,0.172496
x0697.png,15,1,0.165361
x0716.png,15,1,0.159305
x0741.png,15,1,0.203158
x0748.png,15,1,0.190689
x0774.png,15,1,0.168743
x0802.png,15,1,0.18382
x0839.png,15,1,0.184662
x0878.png,15,1,0.176857
x0995.png,15,1,0.171303
x1011.png,15,1,0.179014
x1149.png,15,1,0.194236
x1260.png,15,1,0.181569
x1424.png,15,1,0.185099
y0059.png,15,1,0.198596
y0134.png,15,1,0.189394
y0171.png,15,1,0.189131
y0189.png,15,1,0.195478
y0271.png,15,1,0.186362
y0367.png,15,1,0.191726
y0387.png,15,1,0.199559
y0408.png,15,1,0.190037
y0409.png,15,1,0.194906
y0439.png,15,1,0.18973
y0516.png,15,1,0.193948
y0581.png,15,1,0.196345
y0682.png,15,1,0.18944
y0762.png,15,1,0.188488
y0778.png,15,1,0.185662
y0808.png,15,1,0.185955
y0845.png,15,1,0.187634
y0902.png,15,1,0.191679
y0984.png,15,1,0.187693
y0995.png,15,1,0.192978
y1076.png,15,1,0.191188
y1175.png,15,1,0.189816
y1181.png,15,1,0.196549
y1207.png,15,1,0.196661
y1318.png,15,1,0.18165
y1342.png,15,1,0.189618
y1389.png,15,1,0.194146
y1421.png,15,1,0.192711
y1511.png,15,1,0.190368
za0001.png,15,1,0.184678
za0058.png,15,1,0.189136
za0074.png,15,1,0.192807
za0108.png,15,1,0.190233
za0114.png,15,1,0.174363
za0164.png,15,1,0.186004
za0166.png,15,1,0.179871
za0205.png,15,1,0.189356
za0244.png,15,1,0.190551
za0274.png,15,1,0.170081
za0325.png,15,1,0.177174
za0388.png,15,1,0.193499
za0533.png,15,1,0.17674
za0595.png,15,1,0.193709
za0620.png,15,1,0.16874
za0637.png,15,1,0.179623
za0676.png,15,1,0.178249
za0685.png,15,1,0.20585
za0688.png,15,1,0.173039
za0719.png,15,1,0.176972
za0738.png,15,1,0.166639
za0753.png,15,1,0.171495
za0765.png,15,1,0.186925
za0799.png,15,1,0.183084
za0909.png,15,1,0.187558
za0933.png,15,1,0.188266
za0938.png,15,1,0.202663
za0943.png,15,1,0.195091
za0996.png,15,1,0.183964
za1025.png,15,1,0.195103
zb0010.png,15,1,0.217382
zb0017.png,15,1,0.244037
zb0031.png,15,1,0.235715
zb0046.png,15,1,0.218847
zb0066.png,15,1,0.220592
zb0073.png,15,1,0.213901
zb0117.png,15,1,0.198688
zb0124.png,15,1,0.231449
zb0148.png,15,1,0.217661
zb0152.png,15,1,0.196064
zb0273.png,15,1,0.270147
zb0276.png,15,1,0.220945
zb0355.png,15,1,0.218229
zb0426.png,15,1,0.234624
zb0433.png,15,1,0.25836
zb0457.png,15,1,0.258337
zb0502.png,15,1,0.246205
zb0528.png,15,1,0.232714
zb0573.png,15,1,0.204206
zb0593.png,15,1,0.223333
zb0636.png,15,1,0.245235
zb0659.png,15,1,0.243503
zb0732.png,15,1,0.240648
zb0863.png,15,1,0.244141
zb0867.png,15,1,0.260024
zb0883.png,15,1,0.242294
zb0917.png,15,1,0.217701
zb0940.png,15,1,0.2158
zb0961.png,15,1,0.260667
zb0966.png,15,1,0.244951
zb0974.png,15,1,0.259977
zb0993.png,15,1,0.257585
zb1020.png,15,1,0.259819
zb1105.png,15,1,0.260577
zb1124.png,15,1,0.220931
zb1144.png,15,1,0.241475
zb1179.png,15,1,0.24976
zb1237.png,15,1,0.224085
zb1246.png,15,1,0.252778
zc0027.png,15,1,0.304292
zc0102.png,15,1,0.294944
zc0189.png,15,1,0.300822
zc0386.png,15,1,0.312465
zc0442.png,15,1,0.304715
zc0507.png,15,1,0.312275
zc0686.png,15,1,0.300644
zc0809.png,15,1,0.319407
zc0813.png,15,1,0.294465
zc0842.png,15,1,0.308232
zc0852.png,15,1,0.300649
zc1127.png,15,1,0.314306
zc1176.png,15,1,0.311762
zc1181.png,15,1,0.309134
zc1316.png,15,1,0.306949
zc1434.png,15,1,0.300275
zc1452.png,15,1,0.305763
zc1490.png,15,1,0.312058
zc1576.png,15,1,0.296607
zc1667.png,15,1,0.299761
a0068.png,10,1,0.169948
a0205.png,10,1,0.187535
a0208.png,10,1,0.183771
a0230.png,10,1,0.17587
a0245.png,10,1,0.160282
a0277.png,10,1,0.189705
a0279.png,10,1,0.184193
a0371.png,10,1,0.176015
a0372.png,10,1,0.172716
a0374.png,10,1,0.171022
a0379.png,10,1,0.192142
a0386.png,10,1,0.184927
a0418.png,10,1,0.182014
a0487.png,10,1,0.184483
a0533.png,10,1,0.188806
a0579.png,10,1,0.193821
a0705.png,10,1,0.180394
a0857.png,10,1,0.184534
a0881.png,10,1,0.167853
a0947.png,10,1,0.162794
a0958.png,10,1,0.166382
a1009.png,10,1,0.197282
a1021.png,10,1,0.208321
a1035.png,10,1,0.197119
a1057.png,10,1,0.184732
a1058.png,10,1,0.190157
a1098.png,10,1,0.153284
a1099.png,10,1,0.179921
a1112.png,10,1,0.193774
a1132.png,10,1,0.168336
a1147.png,10,1,0.173913
a1204.png,10,1,0.171526
a1207.png,10,1,0.179782
a1215.png,10,1,0.173948
a1222.png,10,1,0.17191
a1231.png,10,1,0.174854
a1241.png,10,1,0.180615
b0045.png,10,1,0.192434
b0049.png,10,0,
b0113.png,10,0,
b0155.png,10,0,
b0256.png,10,0,
b0283.png,10,0,
b0299.png,10,0,
b0457.png,10,1,0.198342
b0479.png,10,1,0.199655
c0029.png,10,1,0.308688
c0050.png,10,1,0.296563
c0207.png,10,1,0.260142
c0268.png,10,1,0.264335
c0292.png,10,1,0.289468
c0296.png,10,1,0.28788
c0337.png,10,1,0.306772
c0358.png,10,1,0.2949
c0374.png,10,1,0.293392
c0377.png,10,1,0.290253
c0417.png,10,1,0.286463
c0430.png,10,1,0.280683
d0006.png,10,1,0.197226
d0023.png,10,1,0.196224
d0054.png,10,1,0.188924
d0073.png,10,1,0.182561
d0115.png,10,1,0.180743
d0131.png,10,1,0.179241
d0184.png,10,1,0.192554
d0342.png,10,1,0.180989
d0374.png,10,1,0.183553
d0398.png,10,1,0.189495
d0416.png,10,1,0.187444
d0417.png,10,1,0.188556
d0467.png,10,1,0.188544
d0567.png,10,1,0.18578
d0600.png,10,1,0.200832
d0767.png,10,1,0.180713
d0853.png,10,1,0.187471
d0866.png,10,1,0.194739
d0903.png,10,1,0.19331
d0929.png,10,1,0.163506
d0974.png,10,1,0.184915
d1012.png,10,1,0.196601
e0058.png,10,1,0.272435
e0168.png,10,1,0.260787
e0202.png,10,1,0.259913
e0205.png,10,1,0.259134
e0278.png,10,1,0.266746
e0281.png,10,1,0.266934
e0287.png,10,1,0.262739
e0300.png,10,1,0.259763
e0322.png,10,1,0.256073
e0374.png,10,1,0.254141
e0553.png,10,1,0.269283
e0647.png,10,1,0.253115
e0680.png,10,1,0.244482
e0737.png,10,1,0.244988
e0758.png,10,1,0.237214
e0831.png,10,1,0.249007
e0861.png,10,1,0.247885
e0888.png,10,1,0.264123
e1060.png,10,1,0.283344
e1065.png,10,1,0.270648
g0075.png,10,1,0.261995
g0149.png,10,1,0.276973
h0047.png,10,1,0.23196
h0223.png,10,1,0.224238
h0256.png,10,1,0.191765
h0261.png,10,1,0.200162
h0300.png,10,1,0.199532
h0323.png,10,1,0.199677
h0329.png,10,1,0.199149
h0407.png,10,1,0.206738
h0421.png,10,1,0.212845
h0503.png,10,1,0.195679
h0514.png,10,1,0.198454
h0583.png,10,1,0.209279
i0008.png,10,0,
i0075.png,10,0,
i0078.png,10,0,
i0216.png,10,0,
i0234.png,10,0,
i0249.png,10,0,
i0284.png,10,0,
i0303.png,10,0,
i0323.png,10,0,
i0338.png,10,0,
i0347.png,10,0,
i0363.png,10,0,
i0365.png,10,0,
i0441.png,10,0,
i0456.png,10,0,
i0484.png,10,0,
i0502.png,10,0,
i0520.png,10,0,
i0524.png,10,0,
i0730.png,10,0,
i0802.png,10,0,
i0822.png,10,0,
i0834.png,10,0,
i0909.png,10,0,
i0977.png,10,0,
i1031.png,10,0,
j0071.png,10,1,0.173438
j0077.png,10,1,0.183972
j0114.png,10,1,0.177411
j0128.png,10,1,0.175123
j0133.png,10,1,0.154399
j0178.png,10,1,0.178332
j0218.png,10,1,0.173333
j0466.png,10,1,0.172135
j0475.png,10,1,0.191774
j0498.png,10,1,0.179724
j0531.png,10,1,0.178041
j0551.png,10,1,0.179672
j0576.png,10,1,0.171088
j0647.png,10,1,0.175961
j0656.png,10,1,0.183068
j0664.png,10,1,0.176182
j0680.png,10,1,0.168558
j0682.png,10,1,0.172693
k0064.png,10,1,0.260807
k0066.png,10,1,0.260034
k0091.png,10,1,0.251827
k0106.png,10,1,0.264465
k0107.png,10,1,0.250411
k0138.png,10,1,0.262673
k0193.png,10,1,0.245886
k0204.png,10,1,0.262479
k0208.png,10,1,0.257499
k0256.png,10,1,0.263222
k0312.png,10,1,0.262171
k0448.png,10,1,0.234841
k0535.png,10,1,0.257831
l0028.png,10,1,0.266391
l0039.png,10,1,0.248035
l0047.png,10,1,0.270017
l0091.png,10,1,0.249787
l0109.png,10,1,0.241798
l0196.png,10,1,0.240595
l0299.png,10,1,0.21693
l0357.png,10,1,0.242094
l0388.png,10,1,0.227895
m0062.png,10,1,0.187017
m0103.png,10,1,0.193558
m0111.png,10,1,0.187157
m0136.png,10,1,0.170566
m0152.png,10,1,0.187748
m0172.png,10,1,0.189891
m0193.png,10,1,0.236479
m0201.png,10,1,0.148051
m0346.png,10,1,0.174578
m0443.png,10,1,0.164375
m0457.png,10,1,0.158107
m0505.png,10,1,0.168149
n0062.png,10,1,0.201578
n0063.png,10,1,0.207308
n0140.png,10,1,0.20076
n0202.png,10,1,0.201282
n0209.png,10,1,0.197283
n0212.png,10,1,0.197638
n0303.png,10,1,0.209961
n0332.png,10,1,0.186439
n0340.png,10,1,0.211102
n0343.png,10,1,0.225194
n0624.png,10,1,0.183711
n0654.png,10,1,0.188924
n0658.png,10,1,0.195448
n0662.png,10,1,0.195135
n0665.png,10,1,0.199312
n0722.png,10,1,0.173132
n0738.png,10,1,0.21231
n0774.png,10,1,0.217781
n0777.png,10,1,0.197207
n0807.png,10,1,0.201163
n0815.png,10,1,0.197716
n0826.png,10,1,0.19776
n0840.png,10,1,0.157329
n0889.png,10,1,0.186432
n0909.png,10,1,0.194844
n0910.png,10,1,0.187075
n0911.png,10,1,0.167701
n0915.png,10,1,0.18261
n0928.png,10,1,0.199952
n0934.png,10,1,0.193078
n0967.png,10,1,0.184337
n1003.png,10,1,0.186089
n1031.png,10,1,0.180243
n1042.png,10,1,0.213773
o0009.png,10,1,0.239674
o0043.png,10,1,0.245839
o0053.png,10,1,0.244212
o0056.png,10,1,0.241393
o0070.png,10,1,0.240095
o0085.png,10,1,0.23017
o0088.png,10,1,0.233416
o0102.png,10,1,0.238844
o0177.png,10,1,0.246764
o0179.png,10,1,0.247186
o0195.png,10,1,0.23802
o0196.png,10,1,0.244232
o0205.png,10,1,0.24181
o0207.png,10,1,0.239288
o0260.png,10,1,0.251456
o0279.png,10,1,0.245852
o0359.png,10,1,0.232135
o0394.png,10,1,0.228593
o0432.png,10,1,0.242667
o0444.png,10,1,0.235265
o0470.png,10,1,0.221899
o0491.png,10,1,0.233197
o0545.png,10,1,0.264802
o0564.png,10,1,0.235091
o0570.png,10,1,0.243525
o0602.png,10,1,0.245394
o0676.png,10,1,0.235199
o0704.png,10,1,0.198004
p0001.png,10,1,0.177364
p0144.png,10,1,0.162433
p0165.png,10,1,0.157049
p0215.png,10,1,0.149923
p0253.png,10,1,0.166932
p0301.png,10,1,0.158468
p0319.png,10,1,0.158361
q0026.png,10,1,0.19608
q0044.png,10,1,0.200588
q0071.png,10,1,0.189313
q0081.png,10,1,0.19493
q0105.png,10,1,0.186426
q0149.png,10,1,0.198121
q0173.png,10,1,0.181982
q0277.png,10,1,0.199961
q0388.png,10,1,0.199034
q0416.png,10,1,0.191887
q0471.png,10,1,0.198259
q0480.png,10,1,0.191053
q0482.png,10,1,0.190558
q0508.png,10,1,0.201043
r0128.png,10,1,0.246139
r0130.png,10,1,0.251148
r0193.png,10,1,0.251042
r0214.png,10,1,0.261874
r0292.png,10,1,0.211143
r0345.png,10,1,0.244661
r0350.png,10,1,0.244074
r0513.png,10,1,0.209242
s0045.png,10,1,0.195565
s0046.png,10,1,0.192216
s0059.png,10,1,0.188997
s0066.png,10,1,0.189114
s0167.png,10,1,0.201217
s0206.png,10,1,0.203332
s0323.png,10,1,0.212127
s0330.png,10,1,0.20466
s0371.png,10,1,0.204693
s0383.png,10,1,0.208692
s0430.png,10,1,0.204409
u0020.png,10,0,
u0151.png,10,1,0.225782
u0180.png,10,1,0.218543
u0204.png,10,1,0.224605
u0229.png,10,1,0.229832
u0233.png,10,1,0.222389
u0248.png,10,1,0.228483
u0282.png,10,1,0.210165
u0294.png,10,1,0.21345
u0317.png,10,1,0.218306
u0433.png,10,1,0.224535
u0436.png,10,1,0.2153
u0513.png,10,1,0.222031
u0519.png,10,1,0.222364
v0046.png,10,1,0.169201
v0050.png,10,1,0.164619
v0062.png,10,1,0.167739
v0081.png,10,1,0.159269
v0096.png,10,1,0.176037
v0112.png,10,1,0.177161
v0114.png,10,1,0.166537
v0140.png,10,1,0.183323
v0201.png,10,1,0.185515
v0246.png,10,1,0.183081
v0255.png,10,1,0.17482
v0429.png,10,1,0.171222
v0432.png,10,1,0.166928
v0487.png,10,1,0.178045
v0526.png,10,1,0.166921
v0542.png,10,1,0.190349
v0796.png,10,1,0.163701
v0811.png,10,1,0.183526
v0876.png,10,1,0.167096
v0886.png,10,1,0.166023
v0894.png,10,1,0.166841
v0902.png,10,1,0.166804
v0945.png,10,1,0.159311
v0975.png,10,1,0.162446
v0994.png,10,1,0.155562
v1005.png,10,1,0.167667
w0035.png,10,1,0.277212
w0048.png,10,1,0.296944
w0061.png,10,1,0.276806
w0194.png,10,1,0.284359
w0199.png,10,1,0.282125
w0206.png,10,1,0.27332
w0207.png,10,1,0.277844
w0225.png,10,1,0.257908
w0363.png,10,1,0.297144
w0414.png,10,1,0.266428
w0509.png,10,1,0.27242
w0529.png,10,1,0.25522
w0580.png,10,1,0.272761
w0735.png,10,1,0.2778
w0738.png,10,1,0.276102
w0742.png,10,1,0.270557
w0810.png,10,1,0.272299
x0020.png,10,1,0.20992
x0074.png,10,1,0.196009
x0099.png,10,1,0.177987
x0138.png,10,1,0.249362
x0178.png,10,1,0.261805
x0267.png,10,1,0.220855
x0292.png,10,1,0.207201
x0306.png,10,1,0.216145
x0310.png,10,1,0.212287
x0369.png,10,1,0.179939
x0382.png,10,1,0.19693
x0385.png,10,1,0.201384
x0400.png,10,1,0.264333
x0437.png,10,1,0.183809
x0499.png,10,1,0.218699
x0667.png,10,1,0.211742
x0679.png,10,1,0.206284
x0697.png,10,1,0.251666
x0716.png,10,1,0.18998
x0741.png,10,1,0.193221
x0748.png,10,1,0.181205
x0774.png,10,1,0.175545
x0802.png,10,1,0.182879
x0839.png,10,1,0.193162
x0878.png,10,1,0.184795
x0995.png,10,1,0.178794
x1011.png,10,1,0.185086
x1149.png,10,1,0.199132
x1260.png,10,1,0.185663
x1424.png,10,1,0.190946
y0059.png,10,1,0.188581
y0134.png,10,1,0.189299
y0171.png,10,1,0.19187
y0189.png,10,1,0.192545
y0271.png,10,1,0.185515
y0367.png,10,1,0.18617
y0387.png,10,1,0.182169
y0408.png,10,1,0.194444
y0409.png,10,1,0.189011
y0439.png,10,1,0.183686
y0516.png,10,1,0.194533
y0581.png,10,1,0.193989
y0682.png,10,1,0.187072
y0762.png,10,1,0.184685
y0778.png,10,1,0.187777
y0808.png,10,1,0.184441
y0845.png,10,1,0.193741
y0902.png,10,1,0.185455
y0984.png,10,1,0.190689
y0995.png,10,1,0.183739
y1076.png,10,1,0.19247
y1175.png,10,1,0.193044
y1181.png,10,1,0.191594
y1207.png,10,1,0.191249
y1318.png,10,1,0.18795
y1342.png,10,1,0.182007
y1389.png,10,1,0.187856
y1421.png,10,1,0.18952
y1511.png,10,1,0.196447
za0001.png,10,1,0.189403
za0058.png,10,1,0.197302
za0074.png,10,1,0.190582
za0108.png,10,1,0.181784
za0114.png,10,1,0.17616
za0164.png,10,1,0.189166
za0166.png,10,1,0.179538
za0205.png,10,1,0.185351
za0244.png,10,1,0.194963
za0274.png,10,1,0.170551
za0325.png,10,1,0.177113
za0388.png,10,1,0.193965
za0533.png,10,1,0.185921
za0595.png,10,1,0.187896
za0620.png,10,1,0.175628
za0637.png,10,1,0.185535
za0676.png,10,1,0.180914
za0685.png,10,1,0.195776
za0688.png,10,1,0.174719
za0719.png,10,1,0.174907
za0738.png,10,1,0.175717
za0753.png,10,1,0.176258
za0765.png,10,1,0.179014
za0799.png,10,1,0.182468
za0909.png,10,1,0.191972
za0933.png,10,1,0.188435
za0938.png,10,1,0.201969
za0943.png,10,1,0.194325
za0996.png,10,1,0.180598
za1025.png,10,1,0.189503
zb0010.png,10,1,0.211125
zb0017.png,10,1,0.243419
zb0031.png,10,1,0.23248
zb0046.png,10,1,0.219421
zb0066.png,10,1,0.215258
zb0073.png,10,1,0.213232
zb0117.png,10,1,0.205127
zb0124.png,10,1,0.237305
zb0148.png,10,1,0.213959
zb0152.png,10,1,0.19595
zb0273.png,10,1,0.260398
zb0276.png,10,1,0.224373
zb0355.png,10,1,0.218291
zb0426.png,10,1,0.24027
zb0433.png,10,1,0.255047
zb0457.png,10,1,0.24318
zb0502.png,10,1,0.240831
zb0528.png,10,1,0.238645
zb0573.png,10,1,0.207673
zb0593.png,10,1,0.226301
zb0636.png,10,1,0.240279
zb0659.png,10,1,0.245975
zb0732.png,10,1,0.235991
zb0863.png,10,1,0.24731
zb0867.png,10,1,0.253208
zb0883.png,10,1,0.240963
zb0917.png,10,1,0.228262
zb0940.png,10,1,0.209059
zb0961.png,10,1,0.254876
zb0966.png,10,1,0.246479
zb0974.png,10,1,0.245644
zb0993.png,10,1,0.262197
zb1020.png,10,1,0.255358
zb1105.png,10,1,0.258727
zb1124.png,10,1,0.224175
zb1144.png,10,1,0.246172
zb1179.png,10,1,0.252661
zb1237.png,10,1,0.228866
zb1246.png,10,1,0.243197
zc0027.png,10,1,0.307889
zc0102.png,10,1,0.300557
zc0189.png,10,1,0.297757
zc0386.png,10,1,0.31433
zc0442.png,10,1,0.308422
zc0507.png,10,1,0.309437
zc0686.png,10,1,0.305138
zc0809.png,10,1,0.308761
zc0813.png,10,1,0.298008
zc0842.png,10,1,0.306133
zc0852.png,10,1,0.30806
zc1127.png,10,1,0.303738
zc1176.png,10,1,0.311946
zc1181.png,10,1,0.31064
zc1316.png,10,1,0.30218
zc1434.png,10,1,0.311738
zc1452.png,10,1,0.307963
zc1490.png,10,1,0.297264
zc1576.png,10,1,0.302546
zc1667.png,10,1,0.305184
a0068.png,5,1,0.212421
a0205.png,5,1,0.221958
a0208.png,5,1,0.231818
a0230.png,5,1,0.225639
a0245.png,5,1,0.173251
a0277.png,5,1,0.210296
a0279.png,5,1,0.218583
a0371.png,5,1,0.211128
a0372.png,5,1,0.218722
a0374.png,5,1,0.209393
a0379.png,5,1,0.228444
a0386.png,5,1,0.215785
a0418.png,5,1,0.196566
a0487.png,5,1,0.210795
a0533.png,5,1,0.208067
a0579.png,5,1,0.21247
a0705.png,5,1,0.215852
a0857.png,5,1,0.21783
a0881.png,5,1,0.213092
a0947.png,5,1,0.219578
a0958.png,5,1,0.20966
a1009.png,5,1,0.231087
a1021.png,5,1,0.207483
a1035.png,5,1,0.211664
a1057.png,5,1,0.208743
a1058.png,5,1,0.221916
a1098.png,5,1,0.222863
a1099.png,5,1,0.216242
a1112.png,5,1,0.226917
a1132.png,5,1,0.232501
a1147.png,5,1,0.217598
a1204.png,5,1,0.232955
a1207.png,5,1,0.238246
a1215.png,5,1,0.22805
a1222.png,5,1,0.233215
a1231.png,5,1,0.227329
a1241.png,5,1,0.22349
b0045.png,5,0,
b0049.png,5,0,
b0113.png,5,0,
b0155.png,5,0,
b0256.png,5,0,
b0283.png,5,0,
b0299.png,5,0,
b0457.png,5,0,
b0479.png,5,0,
c0029.png,5,1,0.282891
c0050.png,5,1,0.26412
c0207.png,5,1,0.221876
c0268.png,5,1,0.252932
c0292.png,5,1,0.264694
c0296.png,5,1,0.255153
c0337.png,5,1,0.281221
c0358.png,5,1,0.285087
c0374.png,5,1,0.265887
c0377.png,5,1,0.257172
c0417.png,5,1,0.264848
c0430.png,5,1,0.273445
d0006.png,5,0,
d0023.png,5,0,
d0054.png,5,1,0.204499
d0073.png,5,0,
d0115.png,5,1,0.2014
d0131.png,5,1,0.202329
d0184.png,5,1,0.216015
d0342.png,5,1,0.202131
d0374.png,5,1,0.213874
d0398.png,5,1,0.215221
d0416.png,5,1,0.210229
d0417.png,5,1,0.20402
d0467.png,5,1,0.214472
d0567.png,5,1,0.207998
d0600.png,5,1,0.211567
d0767.png,5,0,
d0853.png,5,1,0.216076
d0866.png,5,0,
d0903.png,5,1,0.218643
d0929.png,5,1,0.203865
d0974.png,5,1,0.214483
d1012.png,5,1,0.194523
e0058.png,5,1,0.220527
e0168.png,5,1,0.208551
e0202.png,5,1,0.22356
e0205.png,5,1,0.20447
e0278.png,5,1,0.208646
e0281.png,5,1,0.206851
e0287.png,5,1,0.211379
e0300.png,5,1,0.212219
e0322.png,5,1,0.21501
e0374.png,5,1,0.200648
e0553.png,5,1,0.202248
e0647.png,5,1,0.21496
e0680.png,5,1,0.197099
e0737.png,5,1,0.204319
e0758.png,5,1,0.196949
e0831.png,5,1,0.193176
e0861.png,5,1,0.206879
e0888.png,5,1,0.224085
e1060.png,5,0,
e1065.png,5,0,
g0075.png,5,1,0.238987
g0149.png,5,1,0.256251
h0047.png,5,1,0.220411
h0223.png,5,1,0.231405
h0256.png,5,1,0.197331
h0261.png,5,1,0.202444
h0300.png,5,1,0.197667
h0323.png,5,1,0.202509
h0329.png,5,1,0.203984
h0407.png,5,1,0.211948
h0421.png,5,1,0.20721
h0503.png,5,1,0.198267
h0514.png,5,1,0.204109
h0583.png,5,1,0.207115
i0008.png,5,0,
i0075.png,5,0,
i0078.png,5,0,
i0216.png,5,0,
i0234.png,5,0,
i0249.png,5,0,
i0284.png,5,0,
i0303.png,5,0,
i0323.png,5,0,
i0338.png,5,0,
i0347.png,5,0,
i0363.png,5,0,
i0365.png,5,0,
i0441.png,5,0,
i0456.png,5,0,
i0484.png,5,0,
i0502.png,5,0,
i0520.png,5,0,
i0524.png,5,0,
i0730.png,5,0,
i0802.png,5,0,
i0822.png,5,0,
i0834.png,5,0,
i0909.png,5,0,
i0977.png,5,0,
i1031.png,5,0,
j0071.png,5,0,
j0077.png,5,0,
j0114.png,5,0,
j0128.png,5,0,
j0133.png,5,0,
j0178.png,5,0,
j0218.png,5,0,
j0466.png,5,0,
j0475.png,5,0,
j0498.png,5,0,
j0531.png,5,0,
j0551.png,5,0,
j0576.png,5,0,
j0647.png,5,0,
j0656.png,5,0,
j0664.png,5,0,
j0680.png,5,0,
j0682.png,5,0,
k0064.png,5,0,
k0066.png,5,0,
k0091.png,5,0,
k0106.png,5,0,
k0107.png,5,0,
k0138.png,5,0,
k0193.png,5,0,
k0204.png,5,0,
k0208.png,5,0,
k0256.png,5,0,
k0312.png,5,0,
k0448.png,5,0,
k0535.png,5,0,
l0028.png,5,1,0.214025
l0039.png,5,1,0.217516
l0047.png,5,1,0.224757
l0091.png,5,1,0.229798
l0109.png,5,1,0.22064
l0196.png,5,1,0.218894
l0299.png,5,1,0.213809
l0357.png,5,1,0.227461
l0388.png,5,1,0.220009
m0062.png,5,0,
m0103.png,5,0,
m0111.png,5,0,
m0136.png,5,0,
m0152.png,5,0,
m0172.png,5,0,
m0193.png,5,0,
m0201.png,5,0,
m0346.png,5,0,
m0443.png,5,0,
m0457.png,5,0,
m0505.png,5,0,
n0062.png,5,1,0.211557
n0063.png,5,1,0.207108
n0140.png,5,1,0.202074
n0202.png,5,1,0.210901
n0209.png,5,1,0.200499
n0212.png,5,1,0.207555
n0303.png,5,1,0.212522
n0332.png,5,1,0.199412
n0340.png,5,0,
n0343.png,5,0,
n0624.png,5,1,0.195346
n0654.png,5,0,
n0658.png,5,1,0.206562
n0662.png,5,1,0.209674
n0665.png,5,1,0.2062
n0722.png,5,1,0.180115
n0738.png,5,0,
n0774.png,5,0,
n0777.png,5,0,
n0807.png,5,1,0.212064
n0815.png,5,0,
n0826.png,5,1,0.204396
n0840.png,5,1,0.196801
n0889.png,5,1,0.219189
n0909.png,5,1,0.203947
n0910.png,5,1,0.201197
n0911.png,5,1,0.225847
n0915.png,5,1,0.218561
n0928.png,5,1,0.213071
n0934.png,5,1,0.196979
n0967.png,5,1,0.197798
n1003.png,5,1,0.239517
n1031.png,5,0,
n1042.png,5,1,0.213399
o0009.png,5,1,0.196609
o0043.png,5,1,0.200342
o0053.png,5,1,0.207031
o0056.png,5,0,
o0070.png,5,1,0.198455
o0085.png,5,1,0.21311
o0088.png,5,1,0.185158
o0102.png,5,1,0.207867
o0177.png,5,1,0.220378
o0179.png,5,1,0.211972
o0195.png,5,1,0.217471
o0196.png,5,1,0.21277
o0205.png,5,1,0.209712
o0207.png,5,1,0.208941
o0260.png,5,1,0.20127
o0279.png,5,1,0.196176
o0359.png,5,1,0.194299
o0394.png,5,1,0.214091
o0432.png,5,1,0.192652
o0444.png,5,1,0.222007
o0470.png,5,1,0.199844
o0491.png,5,1,0.198636
o0545.png,5,0,
o0564.png,5,0,
o0570.png,5,0,
o0602.png,5,0,
o0676.png,5,1,0.209537
o0704.png,5,1,0.193378
p0001.png,5,1,0.191798
p0144.png,5,1,0.174235
p0165.png,5,1,0.176108
p0215.png,5,1,0.158222
p0253.png,5,1,0.172325
p0301.png,5,1,0.168165
p0319.png,5,1,0.174932
q0026.png,5,1,0.20353
q0044.png,5,1,0.193842
q0071.png,5,1,0.195889
q0081.png,5,1,0.192028
q0105.png,5,1,0.190029
q0149.png,5,1,0.210457
q0173.png,5,1,0.196986
q0277.png,5,1,0.208971
q0388.png,5,1,0.208205
q0416.png,5,1,0.197452
q0471.png,5,1,0.205789
q0480.png,5,1,0.201834
q0482.png,5,1,0.196954
q0508.png,5,1,0.204317
r0128.png,5,1,0.241749
r0130.png,5,1,0.23767
r0193.png,5,1,0.250965
r0214.png,5,1,0.250189
r0292.png,5,1,0.200621
r0345.png,5,1,0.244905
r0350.png,5,1,0.244798
r0513.png,5,1,0.175102
s0045.png,5,1,0.211648
s0046.png,5,1,0.204803
s0059.png,5,1,0.210734
s0066.png,5,1,0.201786
s0167.png,5,1,0.21544
s0206.png,5,1,0.214085
s0323.png,5,1,0.210087
s0330.png,5,1,0.218277
s0371.png,5,1,0.210627
s0383.png,5,0,
s0430.png,5,0,
u0020.png,5,0,
u0151.png,5,0,
u0180.png,5,0,
u0204.png,5,0,
u0229.png,5,0,
u0233.png,5,0,
u0248.png,5,0,
u0282.png,5,0,
u0294.png,5,0,
u0317.png,5,0,
u0433.png,5,0,
u0436.png,5,0,
u0513.png,5,0,
u0519.png,5,0,
v0046.png,5,1,0.195989
v0050.png,5,1,0.187669
v0062.png,5,1,0.200265
v0081.png,5,1,0.203696
v0096.png,5,1,0.196612
v0112.png,5,1,0.195233
v0114.png,5,1,0.200686
v0140.png,5,1,0.197479
v0201.png,5,1,0.208204
v0246.png,5,1,0.201219
v0255.png,5,1,0.201715
v0429.png,5,0,
v0432.png,5,1,0.191239
v0487.png,5,1,0.201111
v0526.png,5,0,
v0542.png,5,1,0.202702
v0796.png,5,1,0.205963
v0811.png,5,1,0.188389
v0876.png,5,1,0.191269
v0886.png,5,1,0.214392
v0894.png,5,1,0.187119
v0902.png,5,1,0.205094
v0945.png,5,1,0.218274
v0975.png,5,1,0.196371
v0994.png,5,0,
v1005.png,5,0,
w0035.png,5,1,0.247392
w0048.png,5,1,0.272172
w0061.png,5,1,0.251917
w0194.png,5,0,
w0199.png,5,1,0.26207
w0206.png,5,1,0.248864
w0207.png,5,1,0.241695
w0225.png,5,1,0.244492
w0363.png,5,1,0.275506
w0414.png,5,1,0.246237
w0509.png,5,1,0.233335
w0529.png,5,1,0.241675
w0580.png,5,1,0.255705
w0735.png,5,1,0.240919
w0738.png,5,1,0.250191
w0742.png,5,1,0.241854
w0810.png,5,1,0.25128
x0020.png,5,0,
x0074.png,5,0,
x0099.png,5,0,
x0138.png,5,0,
x0178.png,5,0,
x0267.png,5,0,
x0292.png,5,0,
x0306.png,5,0,
x0310.png,5,0,
x0369.png,5,0,
x0382.png,5,0,
x0385.png,5,0,
x0400.png,5,0,
x0437.png,5,0,
x0499.png,5,0,
x0667.png,5,0,
x0679.png,5,0,
x0697.png,5,0,
x0716.png,5,0,
x0741.png,5,0,
x0748.png,5,0,
x0774.png,5,0,
x0802.png,5,0,
x0839.png,5,0,
x0878.png,5,0,
x0995.png,5,0,
x1011.png,5,0,
x1149.png,5,0,
x1260.png,5,0,
x1424.png,5,0,
y0059.png,5,1,0.192753
y0134.png,5,1,0.193395
y0171.png,5,1,0.194201
y0189.png,5,1,0.195152
y0271.png,5,1,0.19321
y0367.png,5,1,0.18914
y0387.png,5,1,0.192991
y0408.png,5,1,0.189241
y0409.png,5,1,0.188741
y0439.png,5,1,0.190596
y0516.png,5,1,0.195182
y0581.png,5,1,0.194947
y0682.png,5,1,0.190527
y0762.png,5,1,0.187113
y0778.png,5,1,0.186424
y0808.png,5,1,0.19112
y0845.png,5,1,0.195608
y0902.png,5,1,0.195444
y0984.png,5,1,0.190957
y0995.png,5,1,0.188129
y1076.png,5,1,0.189943
y1175.png,5,1,0.191468
y1181.png,5,1,0.19413
y1207.png,5,1,0.189728
y1318.png,5,1,0.185415
y1342.png,5,1,0.184813
y1389.png,5,1,0.189641
y1421.png,5,1,0.187357
y1511.png,5,1,0.196343
za0001.png,5,1,0.190203
za0058.png,5,1,0.191317
za0074.png,5,1,0.193765
za0108.png,5,1,0.187487
za0114.png,5,1,0.177658
za0164.png,5,1,0.18909
za0166.png,5,1,0.176911
za0205.png,5,1,0.190215
za0244.png,5,1,0.196871
za0274.png,5,1,0.183116
za0325.png,5,1,0.180087
za0388.png,5,1,0.194124
za0533.png,5,1,0.17761
za0595.png,5,1,0.185196
za0620.png,5,1,0.192268
za0637.png,5,1,0.184866
za0676.png,5,1,0.179653
za0685.png,5,1,0.198011
za0688.png,5,1,0.184879
za0719.png,5,1,0.188003
za0738.png,5,1,0.183453
za0753.png,5,1,0.185686
za0765.png,5,1,0.191642
za0799.png,5,1,0.187805
za0909.png,5,1,0.190574
za0933.png,5,1,0.184624
za0938.png,5,1,0.197234
za0943.png,5,1,0.184782
za0996.png,5,1,0.184066
za1025.png,5,1,0.18788
zb0010.png,5,1,0.20316
zb0017.png,5,1,0.213433
zb0031.png,5,1,0.225264
zb0046.png,5,1,0.214336
zb0066.png,5,1,0.211175
zb0073.png,5,1,0.212545
zb0117.png,5,1,0.206393
zb0124.png,5,1,0.22578
zb0148.png,5,1,0.207412
zb0152.png,5,1,0.200669
zb0273.png,5,1,0.233812
zb0276.png,5,1,0.222267
zb0355.png,5,1,0.215091
zb0426.png,5,1,0.237077
zb0433.png,5,1,0.23387
zb0457.png,5,1,0.229976
zb0502.png,5,1,0.236355
zb0528.png,5,1,0.225586
zb0573.png,5,1,0.214312
zb0593.png,5,1,0.221221
zb0636.png,5,1,0.236649
zb0659.png,5,1,0.230826
zb0732.png,5,1,0.220688
zb0863.png,5,1,0.223823
zb0867.png,5,1,0.222918
zb0883.png,5,1,0.223551
zb0917.png,5,1,0.214723
zb0940.png,5,1,0.201074
zb0961.png,5,1,0.233896
zb0966.png,5,1,0.236444
zb0974.png,5,1,0.236454
zb0993.png,5,1,0.236152
zb1020.png,5,1,0.235895
zb1105.png,5,1,0.240569
zb1124.png,5,1,0.206221
zb1144.png,5,1,0.2315
zb1179.png,5,1,0.233562
zb1237.png,5,1,0.2139
zb1246.png,5,1,0.225481
zc0027.png,5,1,0.285182
zc0102.png,5,1,0.279313
zc0189.png,5,1,0.284944
zc0386.png,5,1,0.283366
zc0442.png,5,1,0.28015
zc0507.png,5,1,0.286226
zc0686.png,5,1,0.289132
zc0809.png,5,1,0.295157
zc0813.png,5,1,0.28129
zc0842.png,5,1,0.292092
zc0852.png,5,1,0.292113
zc1127.png,5,1,0.286506
zc1176.png,5,1,0.289102
zc1181.png,5,1,0.28902
zc1316.png,5,1,0.284506
zc1434.png,5,1,0.2895
zc1452.png,5,1,0.287866
zc1490.png,5,1,0.28779
zc1576.png,5,1,0.284153
zc1667.png,5,1,0.287679
